surtax_id,applies_to_category_id,vehicle_type,min_age_years,max_age_years,surtax_rate_percent,calculated_on,legal_reference,notes
1,101,Passenger sedan,0,5,0,Value for Duty Purposes (VDP),"Customs and Excise Act [Chapter 23:02], Surtax Regulations",No surtax charged on passenger vehicles 5 years old or less at time of importation
2,101,Passenger sedan,6,10,25,Value for Duty Purposes (VDP),"Customs and Excise Act [Chapter 23:02], Surtax Regulations",Surtax applies once vehicle exceeds 5 years of age
3,101,Passenger sedan,11,99,35,Value for Duty Purposes (VDP),"Customs and Excise Act [Chapter 23:02], Surtax Regulations",Higher surtax band for vehicles older than 10 years
4,102,SUV / light 4x4,0,5,0,Value for Duty Purposes (VDP),"Customs and Excise Act [Chapter 23:02], Surtax Regulations",No surtax charged on SUVs 5 years old or less
5,102,SUV / light 4x4,6,10,25,Value for Duty Purposes (VDP),"Customs and Excise Act [Chapter 23:02], Surtax Regulations",
6,102,SUV / light 4x4,11,99,35,Value for Duty Purposes (VDP),"Customs and Excise Act [Chapter 23:02], Surtax Regulations",
7,103,Commercial truck (<=5t GVW),0,10,0,Value for Duty Purposes (VDP),"Customs and Excise Act [Chapter 23:02], Surtax Regulations",Light commercial vehicles under 10 years generally exempt from surtax; import of units over 10 years old is restricted
8,105,Bus / minibus,0,5,0,Value for Duty Purposes (VDP),"Customs and Excise Act [Chapter 23:02], Surtax Regulations",
9,105,Bus / minibus,6,10,25,Value for Duty Purposes (VDP),"Customs and Excise Act [Chapter 23:02], Surtax Regulations",
